{"cameraMode":{"drawMode":0,"name":"Shaded","section":"Shading Mode"},"sceneLighting":false,"audioPlay":false,"sceneViewState":{"showFog":true,"showMaterialUpdate":false,"showSkybox":true,"showFlares":true,"showImageEffects":true,"showParticleSystems":true},"in2DMode":false,"pivot":{"x":33.900001525878909,"y":2.309999942779541,"z":-259.29998779296877},"rotation":{"x":0.0025281733833253385,"y":-0.9498650431632996,"z":0.3127138018608093,"w":0.03570002689957619},"size":35.76265335083008,"orthographic":false}