{"cameraMode":{"drawMode":0,"name":"Shaded","section":"Shading Mode"},"sceneLighting":false,"audioPlay":false,"sceneViewState":{"showFog":true,"showMaterialUpdate":false,"showSkybox":true,"showFlares":true,"showImageEffects":true,"showParticleSystems":true},"in2DMode":false,"pivot":{"x":7.301000118255615,"y":1.6700000762939454,"z":15.619999885559082},"rotation":{"x":0.2424428015947342,"y":-0.14948798716068269,"z":0.03771457076072693,"w":0.9581531882286072},"size":7.3864006996154789,"orthographic":false}