{"cameraMode":{"drawMode":0,"name":"Shaded","section":"Shading Mode"},"sceneLighting":false,"audioPlay":false,"sceneViewState":{"showFog":true,"showMaterialUpdate":false,"showSkybox":true,"showFlares":true,"showImageEffects":true,"showParticleSystems":true},"in2DMode":false,"pivot":{"x":481.0,"y":96.97697448730469,"z":46.94365692138672},"rotation":{"x":-0.2299608439207077,"y":0.14144331216812135,"z":-0.032640017569065097,"w":-0.9626998901367188},"size":2165.792236328125,"orthographic":false}