{"cameraMode":{"drawMode":0,"name":"Shaded","section":"Shading Mode"},"sceneLighting":false,"audioPlay":false,"sceneViewState":{"showFog":true,"showMaterialUpdate":false,"showSkybox":true,"showFlares":true,"showImageEffects":true,"showParticleSystems":true},"in2DMode":false,"pivot":{"x":72.70433044433594,"y":-1.540249228477478,"z":-199.83641052246095},"rotation":{"x":0.2771795988082886,"y":0.06673023104667664,"z":-0.023121247068047525,"w":0.9585623145103455},"size":4.724147319793701,"orthographic":false}