{"cameraMode":{"drawMode":0,"name":"Shaded","section":"Shading Mode"},"sceneLighting":false,"audioPlay":false,"sceneViewState":{"showFog":true,"showMaterialUpdate":false,"showSkybox":true,"showFlares":true,"showImageEffects":true,"showParticleSystems":true},"in2DMode":false,"pivot":{"x":51.20000076293945,"y":-4.630000114440918,"z":-88.36000061035156},"rotation":{"x":-0.005454699043184519,"y":-0.979218065738678,"z":0.20548443496227265,"w":0.012780416756868363},"size":5.013937950134277,"orthographic":false}