{"cameraMode":{"drawMode":0,"name":"Shaded","section":"Shading Mode"},"sceneLighting":false,"audioPlay":false,"sceneViewState":{"showFog":true,"showMaterialUpdate":false,"showSkybox":true,"showFlares":true,"showImageEffects":true,"showParticleSystems":true},"in2DMode":false,"pivot":{"x":2.0657005310058595,"y":0.28999999165534975,"z":5.44000244140625},"rotation":{"x":0.24133870005607606,"y":0.7252721786499023,"z":-0.31204286217689516,"w":0.565010666847229},"size":9.384269714355469,"orthographic":false}