{"cameraMode":{"drawMode":0,"name":"Shaded","section":"Shading Mode"},"sceneLighting":false,"audioPlay":false,"sceneViewState":{"showFog":true,"showMaterialUpdate":false,"showSkybox":true,"showFlares":true,"showImageEffects":true,"showParticleSystems":true},"in2DMode":false,"pivot":{"x":8.132540702819825,"y":1.058107852935791,"z":5.853449821472168},"rotation":{"x":0.2631551921367645,"y":-0.1657194048166275,"z":0.04581784829497337,"w":0.9496276378631592},"size":2.328941822052002,"orthographic":false}