{"cameraMode":{"drawMode":0,"name":"Shaded","section":"Shading Mode"},"sceneLighting":false,"audioPlay":false,"sceneViewState":{"showFog":true,"showMaterialUpdate":false,"showSkybox":true,"showFlares":true,"showImageEffects":true,"showParticleSystems":true},"in2DMode":false,"pivot":{"x":8.16462230682373,"y":1.1139999628067017,"z":5.8979997634887699},"rotation":{"x":0.2698100507259369,"y":0.029435254633426667,"z":-0.008363164961338044,"w":0.9625019431114197},"size":2.857883930206299,"orthographic":false}