{"cameraMode":{"drawMode":0,"name":"Shaded","section":"Shading Mode"},"sceneLighting":false,"audioPlay":false,"sceneViewState":{"showFog":true,"showMaterialUpdate":false,"showSkybox":true,"showFlares":true,"showImageEffects":true,"showParticleSystems":true},"in2DMode":false,"pivot":{"x":-17.26692771911621,"y":7.246177673339844,"z":61.08110427856445},"rotation":{"x":0.0977148488163948,"y":0.8578451871871948,"z":-0.17790812253952027,"w":0.47296378016471865},"size":5.109010696411133,"orthographic":false}