{"cameraMode":{"drawMode":0,"name":"Shaded","section":"Shading Mode"},"sceneLighting":false,"audioPlay":false,"sceneViewState":{"showFog":true,"showMaterialUpdate":false,"showSkybox":true,"showFlares":true,"showImageEffects":true,"showParticleSystems":true},"in2DMode":false,"pivot":{"x":8.16462230682373,"y":1.1139999628067017,"z":5.8979997634887699},"rotation":{"x":0.2314184308052063,"y":0.28838902711868288,"z":-0.07205133140087128,"w":0.9263460040092468},"size":3.4144701957702638,"orthographic":false}