{"cameraMode":{"drawMode":0,"name":"Shaded","section":"Shading Mode"},"sceneLighting":false,"audioPlay":false,"sceneViewState":{"showFog":true,"showMaterialUpdate":false,"showSkybox":true,"showFlares":true,"showImageEffects":true,"showParticleSystems":true},"in2DMode":false,"pivot":{"x":216.77337646484376,"y":-70.38665771484375,"z":-181.59666442871095},"rotation":{"x":-0.02284212037920952,"y":-0.976737380027771,"z":0.13565859198570252,"w":-0.1647476851940155},"size":7470.37060546875,"orthographic":false}