{"cameraMode":{"drawMode":0,"name":"Shaded","section":"Shading Mode"},"sceneLighting":false,"audioPlay":false,"sceneViewState":{"showFog":true,"showMaterialUpdate":false,"showSkybox":true,"showFlares":true,"showImageEffects":true,"showParticleSystems":true},"in2DMode":false,"pivot":{"x":-1.7424726486206055,"y":-3.7301979064941408,"z":10.031118392944336},"rotation":{"x":0.0032331550028175117,"y":0.9495946764945984,"z":-0.3144974708557129,"w":0.011381125077605248},"size":6.205481052398682,"orthographic":false}