{"cameraMode":{"drawMode":0,"name":"Shaded","section":"Shading Mode"},"sceneLighting":false,"audioPlay":false,"sceneViewState":{"showFog":true,"showMaterialUpdate":false,"showSkybox":true,"showFlares":true,"showImageEffects":true,"showParticleSystems":true},"in2DMode":false,"pivot":{"x":1.0679492950439454,"y":-1.6293058395385743,"z":-1.0329519510269166},"rotation":{"x":0.04633321613073349,"y":0.9447647929191589,"z":-0.28501757979393008,"w":0.15746153891086579},"size":9.173651695251465,"orthographic":false}